{"cameraMode":{"drawMode":0,"name":"Shaded","section":"Shading Mode"},"sceneLighting":true,"audioPlay":false,"sceneViewState":{"showFog":true,"showMaterialUpdate":false,"showSkybox":true,"showFlares":true,"showImageEffects":true,"showParticleSystems":true},"in2DMode":false,"pivot":{"x":-3.8832197189331056,"y":9.1574125289917,"z":-7.017932415008545},"rotation":{"x":-0.06977853924036026,"y":0.6916462182998657,"z":0.06743250787258148,"w":0.7156953811645508},"size":15.966830253601075,"orthographic":false}